ficheiro,tipo,origem,uso_recomendado,limite
assets/cenas_ilustrativas/01_hero_paisagem_solar.webp,imagem gerada,criada para este conceito,hero ilustrativa,não apresentar como instalação Tlhavika
assets/cenas_ilustrativas/02_agua_paisagem.webp,imagem gerada,criada para este conceito,secção bombagem e água,não apresentar como instalação Tlhavika
assets/fotos_reais_selecionadas/facebook_15.jpg,fotografia,Facebook Tlhavika,contexto aquecimento solar,414px; confirmar direitos e identificação
assets/fotos_reais_selecionadas/facebook_16.jpg,fotografia,Facebook Tlhavika,contexto instalação solar térmica,414px; confirmar direitos e identificação
assets/fotos_reais_selecionadas/facebook_17.jpg,fotografia,Facebook Tlhavika,contexto equipamento solar térmico,414px; confirmar direitos e identificação
assets/fotos_reais_selecionadas/facebook_34.jpg,fotografia,Facebook Tlhavika,contexto painéis e depósitos,414px; confirmar direitos e identificação
assets/recorte_existente/bomba_ilustrativa.png,recorte ilustrativo,kit original,composição editorial de bomba,não é SKU exato
referencias/01_composicao_Solix.jpg,referência artística,fornecida pelo utilizador,composição da hero,não incorporar no website
referencias/02_hero_atmosferica_Nicolai.mp4,referência de movimento,fornecida pelo utilizador,movimento subtil da hero,não incorporar no website
referencias/03_scroll_editorial_Maya.mp4,referência de movimento,fornecida pelo utilizador,coreografia do scroll,não incorporar no website
