ficheiro,url_post_facebook,descricao_automatica_na_galeria
originais/facebook_01.jpg,https://www.facebook.com/photo.php?fbid=122230149332351924&set=pb.61560557742444.-2207520000&type=3,"May be an image of text that says 'TLHAVIKA ASTRON7 2.0 CHSM66RN(DG)/F- BH Bifacial Series 625W Feliz de Setembro Hoje celebromos com orgulho 0 caroAeT, 0 unido e 0 determinoçóo que MorcoroM histório da nosso Pótrio. .HAyA desejo todos OS mocombiconos Feliz Din da vitorio! Preco 10.000,00 mZn Info@thavika.co.mz -2588 1481/8 Moçambique lum.9.2 bairro Zimpeto/Maputo'"
originais/facebook_02.jpg,https://www.facebook.com/photo.php?fbid=122229651008351924&set=pb.61560557742444.-2207520000&type=3,"May be an image of text that says 'TLHAVIKA TERMO ACOMULADOR DE ALTA PRESSÃO 100L QUEIMA DE ESTOQUE TLHAVIKA Garantia de 1 ano Equipamento completo- (resistencia, valvula Haste de magn magnésio) Assistência técnica Suporte pós-venda Controlador Preco 43.000,00 mzn Info@tlhavika Info@tlhavilka.co.mz co.mz +258 1481/8 +258871191481/846352982 1191481/84 635 2982 Av. B Moçambique km.9.2 Av.deMoçambiquekm.9.2bai 2 bairro do Zimpeto/Maputo'"
originais/facebook_03.jpg,https://www.facebook.com/photo.php?fbid=122227167830351924&set=pb.61560557742444.-2207520000&type=3,"May be a graphic of text that says 'TLHAVIKA IKA DONGYIN CunpTu まコー上ます eXITHtCNeR emues. TUDO EM ENERGIA SOLAR EM UM só LUGAR PAINÉIS SOLARES, TERMS ACUMULADORES SOL SOLARES, INVERSORES, BATERIAS TODOS EQUIPA- PARA SOLUÇÕES COMPLETAS DE ENERGIA SOLAR COM QUALIDADE GARANTIA. nиBHow れス GROWATT LUOPOWERTEK SUNGROW VEICHI JASOLAR Deye GDyness ぞ CanadianSolar TeHneu'"
originais/facebook_04.jpg,https://www.facebook.com/photo.php?fbid=122227165016351924&set=pb.61560557742444.-2207520000&type=3,May be an image of text that says 'TLHAVIKA Soluções inteligentes em bombas de água e energia solar. DONGYIN Sempre Sempreafabricarasmlhoresbombas a fabricar as melhores bombas.'
originais/facebook_05.jpg,https://www.facebook.com/photo.php?fbid=122227152782351924&set=pb.61560557742444.-2207520000&type=3,"May be an image of water heater and text that says 'TLHAVIKA Balicoace w 자국하어이원 eorah mEaE 바HA교육 DONGYIN® Sempre fabricar as melhores bombas. Bomba de pressão (ου Bomba pressurizadora) + controlador Especificações AC 160V-240V PKM60+DSK1 0.5HP H.max 35m 0.37KW 0.37 KW Q.max 35L/min PREÇO 4.350,00 MZN CCAeTo CcKЛCTO 4 +258871191481/846352982 635 1191481/84635 846 52 52982 Av.de acambiaun Moçambique km.9.2 Av.deMoçambiquekm.92bairo กา.9. bairro Zimpeto/Maputo napero'"
originais/facebook_06.jpg,https://www.facebook.com/photo.php?fbid=122227152770351924&set=pb.61560557742444.-2207520000&type=3,"May be an image of water heater and text that says 'TLHAVIKA ၄၁၈၁ gentN 一田ト DONGYIN Sempre fabricar as melhores bombas. Bomba de pressão (ου Bomba pressurizadora) + controlador Especificações AC 160V-240V PKM80+DSK1 1HP H.max 70m Q.max 50L/min 0.75KW KW 0.75 PREÇO 6.100,00 ប) MZN ccKBлACTo $258871191481/846352982 +2588 119 191481/84 /84 635 352 2982 Av.de Moçambique Av.deMocambiquekm.s.2bairo orambigun lcm.9_2 bairro .pcpMapuro'"
originais/facebook_07.jpg,https://www.facebook.com/photo.php?fbid=122227152266351924&set=pb.61560557742444.-2207520000&type=3,"May be an image of water heater and text that says 'TLHAVIKA Boucora Lulguntua bunLu មន 보배균요 DONGYIN Semprea fabricar as melhores bombas. Bombas submersivel Solar Hibrida de 3 polegadas Bomba + control box Especificações DC 90V 350V AC 220V -240V 3SDS 4.5-100-90 800AD -1HP 20L/min -40L/min -60L/MIN 80m- 80m-62m- 62m 34m 800W PREÇO 22.300,00 MZN Bcил-oT: OTCT 258871191481/846352982 2588 119148 481/84 84 84635 352 2982 Av.de Av.deMocambiquekm.9.2bairo deMoçambique ก.9. bairro Mocambigur TperoMapuo'"
originais/facebook_08.jpg,https://www.facebook.com/photo.php?fbid=122227151294351924&set=pb.61560557742444.-2207520000&type=3,"May be an image of water heater and text that says 'TLHAVIKA ដមដុ ยน iLuligue ONS EUE មេ DONGYIN R Sempre fabricar as melhores bombas. Bombas submersiveis de 3 polegadas Bomba + control box 30m de cabo Especificações 220-240v 50HZ 1.HP/ 0.75KW -2850/min 10L/min -40L/min -65L/MIN 82m -67m 3SDM3/21 23m PREÇO 10.000,00 MZN cceлeTa မု့ +258 1481/8 +258871191481/846352982 34 635 52 2982 Av.deMorambiquekm.92biro Av.de Ay.d Maçambique m.9. bairro zimpeto/Maputo'"
originais/facebook_09.jpg,https://www.facebook.com/photo.php?fbid=122227150688351924&set=pb.61560557742444.-2207520000&type=3,"May be an image of ‎water heater and ‎text that says '‎TLHAVIKA 559၅ caliquntaas ה'פצתם HORE 四山 DONGYIN Sempre fabricar as melhores bombas. Bomba Submersivel Solar 4 polegadas Bomba + control box Especificações 220- 400v 50HZ 4SDS 5-235-240-2200 -3HP 20L/min -40L/min 60L/MIN 194m- 152 m -99m 2200W PREÇO 29.000,00MZN aл-oT +258871191481/846352982 1191 481/8 2588 91481/84 1/84 635 35 2982 Aw.deMoçambiquelkm.2bairo Av.de Moçambique m.9 bairro 1Mapuo‎'‎‎"
originais/facebook_10.jpg,https://www.facebook.com/photo.php?fbid=122227150670351924&set=pb.61560557742444.-2207520000&type=3,"May be an image of water heater and text that says 'TLHAVIKA teligent but Lumtu 피보닭고 DONGYIN ® Sempre fabricar as melhores bombas. Bomba Submersivel Solar 4 polegadas Bomba + control box Especificações DC 160V-240V 4SDS 5- 168- 170 2HP 20L/min -40L/min -60L/MIN 139m- 109m 71m m 1500w PREÇO 27.000,00 MZN aлcTo +25887119-1481/846352982 19 1481/84 635 2588 35 2982 Av.de Maçambique Ak.deMaçambiquekm.9.2bairo m.9 bairro ozimpeto/mapuito'"
originais/facebook_11.jpg,https://www.facebook.com/photo.php?fbid=122227149866351924&set=pb.61560557742444.-2207520000&type=3,"Pode ser uma imagem de aquecedor de água e texto que diz ""TLHAVIKA မ၄၅ LULNnLIA CONa B ម Am DONGYIN R Semprea fabricar as melhores bombas. Bombas submersiveis de 3 polegadas Bomba + control box 30m de cabo Especificações 220-240v 50HZ 0.33HP/ .25KW -2850/min 5L/min -25L/min -45L/MIN 46m- 46m-40m- 40m- 20m 3SDM2/11 PREÇO 8.000,00 MZN ATCTA cиAecTa 258871191481/846352982 81/ 1/84 84 635 35 2982 +258 Av.d Moçambique Av.deMocambiquekm.92bairo m.9. bairro Zimpeto/Maputo"""
originais/facebook_12.jpg,https://www.facebook.com/photo.php?fbid=122227149752351924&set=pb.61560557742444.-2207520000&type=3,"Pode ser uma imagem de aquecedor de água e texto que diz ""TLHAVIKA Soucs ၈၈၉၁ L크 mLM M2 m3A-m DONGYIN R Sempre fabricar as melhores bombas. Bombas submersiveis de 3 polegadas Bomba + control box 30m de cabo Especificações 220-240v 50HZ 0.25HP/ 0.18KW -2850/min 5L/min -25L/min -45L/MIN 34m-29m -14m 3SDM2/8 PREÇO 7.550,00 MZN ccaT-cTo· 258871191481/846352982 19 258 11914H 914 481/8 /84 463 535 352 2982 Aw.deMocambiquekem.s.2bairo .9. bairro Av.de Mocambique Zimpeto/Maputo"""
originais/facebook_13.jpg,https://www.facebook.com/photo.php?fbid=122227149740351924&set=pb.61560557742444.-2207520000&type=3,"Pode ser uma imagem de aquecedor de água e texto que diz ""TLHAVIKA a aligent DONGYIN® ေငဘ nbunt Lumtu 山か Sempre ส fabricar as melhores bombas. Bombas submersiveis de 3 polegadas Bomba + control box 30m de cabo Especificações 220-240 50HZ 0.5HP/ 0.37KW -2850/min /min 5L/min -25L/min -45L/MIN 63m- 54m 27m 3SDM2/15 PREÇO 8.250,00 MZN CATCTO 352 2982 Av.deMacambiquekm.9.2bairo 2588 258871191481/846352982 119148 481/84 Av.de Maçambique m.9. bairro /"""
originais/facebook_14.jpg,https://www.facebook.com/photo.php?fbid=122227149728351924&set=pb.61560557742444.-2207520000&type=3,"Pode ser uma imagem de texto que diz ""TLHAVIKA aйaл ဇ၈၉၁၁ DONGYIN ® Sempre a fabricar as melhores bombas. Bombas submersiveis de 3 polegadas Bomba + control box +30m de cabo Especificações 220-240v 50HZ 0.75HP/ 0.55KW -2850/mir 0/min 10L 10L/min -40L/min -65L/MIN 63m- 51m 3SDM3/16 -17m PREÇO 9.500,00 MZN caATo +258871191481/846352982 119148 481/8 /84 258 52 2982 Av.do Ar.deMocambiquekm.9.2bairo Moçambique Mocambiaur m.9. bairro #zimpeto/maputo"""
originais/facebook_15.jpg,https://www.facebook.com/photo.php?fbid=122226711956351924&set=pb.61560557742444.-2207520000&type=3,May be an image of water heater and text that says 'TLHAVIKA 千'
originais/facebook_16.jpg,https://www.facebook.com/photo.php?fbid=122226711326351924&set=pb.61560557742444.-2207520000&type=3,May be an image of water heater and text that says 'TLHAVIKA'
originais/facebook_17.jpg,https://www.facebook.com/photo.php?fbid=122226710984351924&set=pb.61560557742444.-2207520000&type=3,May be an image of water heater
originais/facebook_18.jpg,https://www.facebook.com/photo.php?fbid=122224814648351924&set=pb.61560557742444.-2207520000&type=3,"May be an image of grinder, water heater and text that says 'Termo ermo Acomulador solar Hibrido de 200L TLHAVIKA 100L 200L 45.000MZN72.000MZN 45.000 MZN 72.000 MZN 物 X info@tlhavika.co.mz -25887 +258871191481/046352982 871 191 481/ 463 635 2962 A V. pAtcdeMaymnaun2bae da Maçambique km.9.2 bairro do: Zimpeto/Maputo'"
originais/facebook_19.jpg,https://www.facebook.com/photo.php?fbid=122222791778351924&set=pb.61560557742444.-2207520000&type=3,"May be an image of water heater and text that says 'D TLHAVIKA Termo Aquecedor Solar Híbrido de Alta pressão Garantia de 18 meses Equipamento completo (resistencia valvula P/T, Haste magnésio) Assistência tecnica Suporte pós-venda -TLHAVIKA 100L 45.000MZN 45.000 MZN 200L 72.000 MZN ÁGUA QUENTE SEMPRE Alta pressão para duchas et @torneiras. SUSTENTÁVEL Energia limpa não polui meio ambiente. MAIS ECONOMIA Menos Menosgasto gasto gasto eletricidade อน gás. info@tlhavika.co.mz RESISTENTE EDURÁVEL Materiaisd alt: qualidade e longa' ida itil. +2588 1481 /846 463 635 2982 A eMaçambique km.9. bairra Iimpeto/Maputo'"
originais/facebook_20.jpg,https://www.facebook.com/photo.php?fbid=122222587910351924&set=pb.61560557742444.-2207520000&type=3,"May be an image of water heater and text that says 'TLHAVIKA Termo acumulador solar Alta Pressão. 100L 45.000 MZN 200L 72.000MZN 72.000 MZN AЛHAHИT Contactos Ande dwMccambiquekm.9.2 bairro sirrodeZimgetorMdapeuto 過 ಶಿ Thavka.Solar@çmai.com +25007119 1481 o termo solar galvanizado oferece uma solução economica eficiente para raaquecimento água, combinando bom desempenho térmico com preço acessível, ideal para quem busca economizar conta de energia com investimento inicial reduzido. https://wwww.thavika.co.mz/'"
originais/facebook_21.jpg,https://www.facebook.com/photo.php?fbid=122216287154351924&set=pb.61560557742444.-2207520000&type=3,No photo description available.
originais/facebook_22.jpg,https://www.facebook.com/photo.php?fbid=122213474852351924&set=pb.61560557742444.-2207520000&type=3,No photo description available.
originais/facebook_23.jpg,https://www.facebook.com/photo.php?fbid=122211405950351924&set=pb.61560557742444.-2207520000&type=3,No photo description available.
originais/facebook_24.jpg,https://www.facebook.com/photo.php?fbid=122211156308351924&set=pb.61560557742444.-2207520000&type=3,No photo description available.
originais/facebook_25.jpg,https://www.facebook.com/photo.php?fbid=122208268898351924&set=pb.61560557742444.-2207520000&type=3,No photo description available.
originais/facebook_26.jpg,https://www.facebook.com/photo.php?fbid=122208244394351924&set=pb.61560557742444.-2207520000&type=3,No photo description available.
originais/facebook_27.jpg,https://www.facebook.com/photo.php?fbid=122206311662351924&set=pb.61560557742444.-2207520000&type=3,No photo description available.
originais/facebook_28.jpg,https://www.facebook.com/photo.php?fbid=122204774072351924&set=pb.61560557742444.-2207520000&type=3,No photo description available.
originais/facebook_29.jpg,https://www.facebook.com/photo.php?fbid=122204337500351924&set=pb.61560557742444.-2207520000&type=3,No photo description available.
originais/facebook_30.jpg,https://www.facebook.com/photo.php?fbid=122204337248351924&set=pb.61560557742444.-2207520000&type=3,No photo description available.
originais/facebook_31.jpg,https://www.facebook.com/photo.php?fbid=122204211356351924&set=pb.61560557742444.-2207520000&type=3,No photo description available.
originais/facebook_32.jpg,https://www.facebook.com/photo.php?fbid=122201254658351924&set=pb.61560557742444.-2207520000&type=3,No photo description available.
originais/facebook_33.jpg,https://www.facebook.com/photo.php?fbid=122201254622351924&set=pb.61560557742444.-2207520000&type=3,No photo description available.
originais/facebook_34.jpg,https://www.facebook.com/photo.php?fbid=122199853670351924&set=pb.61560557742444.-2207520000&type=3,No photo description available.
originais/facebook_35.jpg,https://www.facebook.com/photo.php?fbid=122199851960351924&set=pb.61560557742444.-2207520000&type=3,No photo description available.
originais/facebook_36.jpg,https://www.facebook.com/photo.php?fbid=122199550886351924&set=pb.61560557742444.-2207520000&type=3,No photo description available.
originais/facebook_37.jpg,https://www.facebook.com/photo.php?fbid=122199451868351924&set=pb.61560557742444.-2207520000&type=3,No photo description available.
originais/facebook_38.jpg,https://www.facebook.com/photo.php?fbid=122199451778351924&set=pb.61560557742444.-2207520000&type=3,No photo description available.
originais/facebook_39.jpg,https://www.facebook.com/photo.php?fbid=122199451814351924&set=pb.61560557742444.-2207520000&type=3,No photo description available.
originais/facebook_40.jpg,https://www.facebook.com/photo.php?fbid=122199451796351924&set=pb.61560557742444.-2207520000&type=3,No photo description available.
